{"batch_loss": 3.4295499324798584, "trained_size": 1200128, "_timestamp": 1676533373.8509247, "_runtime": 307.06600761413574, "_step": 4688, "_wandb": {"runtime": 340}}