{"acc": {"train": 0.9737928571428571, "validation": 0.97115, "test": 0.97155}}