{"acc": {"train": 0.89989, "validation": 0.839974, "test": 0.83992}}