{"acc": {"train": 0.9958158333333333, "validation": 0.99518, "test": 0.9948866666666667}}