{
  "acc": {
    "train": 0.99838,
    "validation": 0.99779,
    "test": 0.99762
  }
}