{"acc": {"train": 0.98293125, "validation": 0.98126, "test": 0.9819133333333333}}