{
  "acc": {
    "train": 0.9985279166666666,
    "validation": 0.9980566666666667,
    "test": 0.99793
  }
}