{"acc": {"train": 0.17144571428571428, "validation": 0.17177, "test": 0.171396}}