{"acc": {"train": 0.9945508333333334, "validation": 0.99273, "test": 0.99239}}