{"acc": {"train": 0.9480041666666666, "validation": 0.9475633333333333, "test": 0.94713}}