{"acc": {"train": 0.9057931428571429, "validation": 0.842908, "test": 0.842972}}