{"acc": {"train": 0.9483704166666667, "validation": 0.94772, "test": 0.94737}}