{"acc": {"train": 0.9282305714285715, "validation": 0.843676, "test": 0.843698}}