{"acc": {"train": 0.9567482142857143, "validation": 0.95605, "test": 0.9559}}