{"acc": {"train": 0.9944595833333333, "validation": 0.9935933333333333, "test": 0.99332}}