{"dataset": {"name": "wortschartz_30", "path": "../fine_tuning/data/tokenized/wortschartz_30"}, "model": {"name": "gnb_wortschartz_30_v5", "path": "model/gnb_wortschartz_30_v5/model.pkl", "result_path": "model/gnb_wortschartz_30_v5/result/results.csv", "cm_result_path": "model/gnb_wortschartz_30_v5/result/cm.png"}, "tok": "xlm-roberta-base", "clf": "GaussianNB()", "train_info": {"n_steps": 100, "n_logs": 10, "n_train_data": 2400000, "n_valid_data": 300000, "n_train_batch": 24000, "n_valid_batch": 3000, "step_10": {"train_acc": 0.05416666666666667, "valid_acc": 0.05466666666666667}, "step_20": {"train_acc": 0.050916666666666666, "valid_acc": 0.05533333333333333}, "step_30": {"train_acc": 0.049875, "valid_acc": 0.04733333333333333}, "step_40": {"train_acc": 0.05241666666666667, "valid_acc": 0.04733333333333333}, "step_50": {"train_acc": 0.042583333333333334, "valid_acc": 0.047}, "step_60": {"train_acc": 0.042375, "valid_acc": 0.04766666666666667}, "step_70": {"train_acc": 0.04083333333333333, "valid_acc": 0.038}, "step_80": {"train_acc": 0.045125, "valid_acc": 0.043666666666666666}, "step_90": {"train_acc": 0.042791666666666665, "valid_acc": 0.043333333333333335}, "step_100": {"train_acc": 0.04058333333333333, "valid_acc": 0.045}}}