{"acc": {"train": 0.92203375, "validation": 0.9164433333333334, "test": 0.91659}}