{"acc": {"train": 0.9942825, "validation": 0.9932566666666667, "test": 0.9931233333333334}}