{"acc": {"train": 0.8271645714285715, "validation": 0.647384, "test": 0.647186}}