{"acc": {"train": 0.48294914285714285, "validation": 0.483374, "test": 0.483258}}