{
  "acc": {
    "train": 0.9984416666666667,
    "validation": 0.99815,
    "test": 0.99797
  }
}