{"acc": {"train": 0.8830803921568627, "validation": 0.8203254901960785, "test": 0.8207098039215687}}