{"acc": {"train": 0.9993975, "validation": 0.9945666666666667, "test": 0.9945}}