{"acc": {"train": 0.9957725, "validation": 0.93392, "test": 0.9339133333333334}}