{"acc": {"train": 0.9939166666666667, "validation": 0.9932466666666667, "test": 0.99316}}