{"acc": {"train": 0.9951095833333333, "validation": 0.99381, "test": 0.99382}}