{"acc": {"train": 0.9415216666666667, "validation": 0.9409533333333333, "test": 0.9402533333333334}}