{"acc": {"train": 0.9942879166666667, "validation": 0.9937533333333334, "test": 0.9938866666666667}}