{"acc": {"train": 0.995735, "validation": 0.93386, "test": 0.9339033333333333}}